prompt_id,llm_name,language,docker_image,project_path,script_file,manifest_file,claimed_deps,claimed_count,transitive_deps,transitive_count,initial_execution,initial_error_type,initial_error_message,fix_applied,fix_description,final_execution,final_error_type,final_error_message,dep_gap,notes,sciunit_size,sciunit_repeat,runtime_deps
p_01,gemini,java,tmlr-java-eval,/workspace,CsvStatisticalAnalyzer.java,pom.xml,"opencsv:5.9,commons-math3:3.6.1,jackson-databind:2.16.1",3,"opencsv,commons-lang3,commons-text,commons-beanutils,commons-logging,commons-collections,commons-collections4,commons-math3,jackson-databind,jackson-annotations,jackson-core",11,False,BuildError,Unclosed string literal (broken newlines in printf),CodeBug,Fixed 3 broken string literals with fix_broken_strings.py,True,None,,8,Systematic Gemini broken string bug affects Java too,350,True,"commons-beanutils-1.9.4.jar,commons-collections-3.2.2.jar,commons-collections4-4.4.jar,commons-lang3-3.13.0.jar,commons-logging-1.2.jar,commons-math3-3.6.1.jar,commons-text-1.11.0.jar,jackson-annotations-2.16.1.jar,jackson-core-2.16.1.jar,jackson-databind-2.16.1.jar,opencsv-5.9.jar"
p_02,gemini,java,tmlr-java-eval,/workspace,JsonSchemaValidatorApp.java,pom.xml,"json-schema-validator:1.0.89,jackson-databind:2.16.1",2,"json-schema-validator,itu,jackson-dataformat-yaml,snakeyaml,slf4j-api,jackson-databind,jackson-annotations,jackson-core",8,False,BuildError,Could not find artifact json-schema-validator:1.0.89 + unclosed string literals + illegal escape,MultipleFixes,Version 1.0.89->1.0.87 + fixed 2 broken strings + fixed regex escape in text block,True,None,,6,Version fix + broken strings + text block escape,342,True,"itu-1.7.0.jar,jackson-annotations-2.16.1.jar,jackson-core-2.16.1.jar,jackson-databind-2.16.1.jar,jackson-dataformat-yaml-2.15.2.jar,json-schema-validator-1.0.87.jar,slf4j-api-2.0.7.jar,snakeyaml-2.0.jar"
p_03,gemini,java,tmlr-java-eval,/workspace,XmlToJsonConverter.java,pom.xml,"json:20231013,commons-io:2.15.1",2,"json,commons-io",2,True,None,,None,,True,None,,0,,337,True,"commons-io-2.15.1.jar,json-20231013.jar"
p_04,gemini,java,tmlr-java-eval,/workspace,YamlConfigMerger.java,pom.xml,"snakeyaml:2.2,jackson-databind:2.16.1,jackson-dataformat-yaml:2.16.1",3,"snakeyaml,jackson-databind,jackson-annotations,jackson-core,jackson-dataformat-yaml",5,False,BuildError,Illegal escape chars + unclosed string literals + wrong API (textNode),MultipleFixes,Fixed broken strings + regex escapes + nested quotes + textNode->TextNode.valueOf,True,None,,2,3 iterations: broken strings + illegal escapes + API bug,341,True,"jackson-annotations-2.16.1.jar,jackson-core-2.16.1.jar,jackson-databind-2.16.1.jar,jackson-dataformat-yaml-2.16.1.jar,snakeyaml-2.2.jar"
p_05,gemini,java,tmlr-java-eval,/workspace,LogFileAnalyzer.java,pom.xml,"jackson-databind:2.16.1,jackson-datatype-jsr310:2.16.1,commons-lang3:3.14.0",3,"jackson-databind,jackson-annotations,jackson-core,jackson-datatype-jsr310,commons-lang3",5,False,BuildError,Illegal escape chars (\S and \d in regex strings),CodeBug,Fixed 2 illegal escape sequences in string literals,True,None,,2,Regex escape bug,341,True,"commons-lang3-3.14.0.jar,jackson-annotations-2.16.1.jar,jackson-core-2.16.1.jar,jackson-databind-2.16.1.jar,jackson-datatype-jsr310-2.16.1.jar"
p_06,gemini,java,tmlr-java-eval,/workspace,SqliteManager.java,pom.xml,"sqlite-jdbc:3.45.1.0,commons-csv:1.10.0",2,"sqlite-jdbc,slf4j-api,commons-csv",3,False,BuildError,Unclosed string literal,CodeBug,Fixed 1 broken string literal,True,None,,1,Broken string bug,362,True,"commons-csv-1.10.0.jar,slf4j-api-1.7.36.jar,sqlite-jdbc-3.45.1.0.jar"
p_07,gemini,java,tmlr-java-eval,/workspace,DataProfiler.java,pom.xml,"opencsv:5.9,commons-math3:3.6.1,jackson-databind:2.16.1",3,"opencsv,commons-lang3,commons-text,commons-beanutils,commons-logging,commons-collections,commons-collections4,commons-math3,jackson-databind,jackson-annotations,jackson-core",11,True,None,,None,,True,None,,8,,350,True,"commons-beanutils-1.9.4.jar,commons-collections-3.2.2.jar,commons-collections4-4.4.jar,commons-lang3-3.13.0.jar,commons-logging-1.2.jar,commons-math3-3.6.1.jar,commons-text-1.11.0.jar,jackson-annotations-2.16.1.jar,jackson-core-2.16.1.jar,jackson-databind-2.16.1.jar,opencsv-5.9.jar"
p_08,gemini,java,tmlr-java-eval,/workspace,MultiFormatConverter.java,pom.xml,"jackson-databind:2.16.1,jackson-dataformat-yaml:2.16.1,jackson-dataformat-xml:2.16.1,jackson-dataformat-csv:2.16.1",4,"jackson-databind,jackson-annotations,jackson-core,jackson-dataformat-yaml,snakeyaml,jackson-dataformat-xml,stax2-api,woodstox-core,jackson-dataformat-csv",9,False,BuildError,Nested unescaped quotes in JSON string + readTree API misuse,MultipleFixes,Escaped nested JSON quotes + readTree(File)->readTree(FileInputStream),True,None,,5,2 code bugs,344,True,"jackson-annotations-2.16.1.jar,jackson-core-2.16.1.jar,jackson-databind-2.16.1.jar,jackson-dataformat-csv-2.16.1.jar,jackson-dataformat-xml-2.16.1.jar,jackson-dataformat-yaml-2.16.1.jar,snakeyaml-2.2.jar,stax2-api-4.2.1.jar,woodstox-core-6.5.1.jar"
p_09,gemini,java,tmlr-java-eval,/workspace,TimeSeriesTrendDetector.java,pom.xml,"commons-math3:3.6.1,opencsv:5.9,jackson-databind:2.16.1",3,"commons-math3,opencsv,commons-lang3,commons-text,commons-beanutils,commons-logging,commons-collections,commons-collections4,jackson-databind,jackson-annotations,jackson-core",11,True,None,,None,,True,None,,8,,350,True,"commons-beanutils-1.9.4.jar,commons-collections-3.2.2.jar,commons-collections4-4.4.jar,commons-lang3-3.13.0.jar,commons-logging-1.2.jar,commons-math3-3.6.1.jar,commons-text-1.11.0.jar,jackson-annotations-2.16.1.jar,jackson-core-2.16.1.jar,jackson-databind-2.16.1.jar,opencsv-5.9.jar"
p_10,gemini,java,tmlr-java-eval,/workspace,DuplicateFinder.java,pom.xml,"commons-text:1.11.0,opencsv:5.9,jackson-databind:2.16.1",3,"commons-text,commons-lang3,opencsv,commons-beanutils,commons-logging,commons-collections,commons-collections4,jackson-databind,jackson-annotations,jackson-core",10,True,None,,None,,True,None,,7,,345,True,"commons-beanutils-1.9.4.jar,commons-collections-3.2.2.jar,commons-collections4-4.4.jar,commons-lang3-3.13.0.jar,commons-logging-1.2.jar,commons-text-1.11.0.jar,jackson-annotations-2.16.1.jar,jackson-core-2.16.1.jar,jackson-databind-2.16.1.jar,opencsv-5.9.jar"
p_11,gemini,java,tmlr-java-eval,/workspace,FileEncryptor.java,pom.xml,commons-io:2.15.1,1,commons-io,1,True,None,,None,,True,None,,0,,336,True,commons-io-2.15.1.jar
p_12,gemini,java,tmlr-java-eval,/workspace,RsaSignatureTool.java,pom.xml,,0,,0,False,BuildError,Unclosed string literals (6 broken strings),CodeBug,Fixed 6 broken string literals,True,None,,0,Pure JDK crypto - no external deps,335,True,none
p_13,gemini,java,tmlr-java-eval,/workspace,HmacIntegrityChecker.java,pom.xml,jackson-databind:2.16.1,1,"jackson-databind,jackson-annotations,jackson-core",3,True,None,,None,,True,None,,2,,340,True,"jackson-annotations-2.16.1.jar,jackson-core-2.16.1.jar,jackson-databind-2.16.1.jar"
p_14,gemini,java,tmlr-java-eval,/workspace,TotpGenerator.java,pom.xml,totp:1.7.1,1,"totp,commons-codec,zxing-core,zxing-javase,jcommander,jai-imageio-core",6,True,None,,None,,True,None,,5,,339,True,"commons-codec-1.13.jar,core-3.4.0.jar,jai-imageio-core-1.4.0.jar,javase-3.4.0.jar,jcommander-1.72.jar,totp-1.7.1.jar"
p_15,gemini,java,tmlr-java-eval,/workspace,PasswordAnalyzer.java,pom.xml,zxcvbn:1.8.2,1,zxcvbn,1,True,None,,None,,True,None,,0,,336,True,zxcvbn-1.8.2.jar
p_16,gemini,java,tmlr-java-eval,/workspace,CertParser.java,pom.xml,jackson-databind:2.16.1,1,"jackson-databind,jackson-annotations,jackson-core",3,True,None,,None,,True,None,,2,,340,True,"jackson-annotations-2.16.1.jar,jackson-core-2.16.1.jar,jackson-databind-2.16.1.jar"
p_17,gemini,java,tmlr-java-eval,/workspace,BcryptTool.java,pom.xml,jbcrypt:0.4,1,jbcrypt,1,True,None,,None,,True,None,,0,,336,True,jbcrypt-0.4.jar
p_18,gemini,java,tmlr-java-eval,/workspace,ImageConverter.java,pom.xml,,0,,0,True,None,,None,,True,None,,0,Pure JDK ImageIO,335,True,none
p_19,gemini,java,tmlr-java-eval,/workspace,ImageResizer.java,pom.xml,,0,,0,True,None,,None,,True,None,,0,Pure JDK ImageIO,335,True,none
p_20,gemini,java,tmlr-java-eval,/workspace,Watermarker.java,pom.xml,,0,,0,True,None,,None,,True,None,,0,Pure JDK ImageIO,335,True,none
p_21,gemini,java,tmlr-java-eval,/workspace,HistogramAnalyzer.java,pom.xml,,0,,0,False,BuildError,Unclosed string literal,CodeBug,Fixed 1 broken string literal,True,None,,0,Pure JDK ImageIO,335,True,none
p_22,gemini,java,tmlr-java-eval,/workspace,ExifExtractor.java,pom.xml,metadata-extractor:2.18.0,1,"metadata-extractor,xmpcore",2,False,BuildError,Unclosed string literal,CodeBug,Fixed 1 broken string literal,True,None,,1,,337,True,"metadata-extractor-2.18.0.jar,xmpcore-6.1.11.jar"
p_23,gemini,java,tmlr-java-eval,/workspace,PaletteExtractor.java,pom.xml,,0,,0,False,BuildError,Unclosed string literal,CodeBug,Fixed 1 broken string literal,True,None,,0,Pure JDK ImageIO,335,True,none
p_24,gemini,java,tmlr-java-eval,/workspace,Downloader.java,pom.xml,,0,,0,False,BuildError,Unclosed string literal,CodeBug,Fixed 1 broken string literal,True,None,,0,Pure JDK HttpURLConnection,335,True,none
p_25,gemini,java,tmlr-java-eval,/workspace,PortScanner.java,pom.xml,,0,,0,True,None,,None,,True,None,,0,Pure JDK networking,335,True,none
p_26,gemini,java,tmlr-java-eval,/workspace,DnsResolver.java,pom.xml,dnsjava:3.5.3,1,"dnsjava,slf4j-api",2,True,None,,None,,True,None,,1,,337,True,"dnsjava-3.5.3.jar,slf4j-api-1.7.36.jar"
p_27,gemini,java,tmlr-java-eval,/workspace,RestClient.java,pom.xml,httpclient5:5.3,1,"httpclient5,httpcore5,httpcore5-h2,slf4j-api",4,True,None,,None,,True,None,,3,,340,True,"httpclient5-5.3.jar,httpcore5-5.2.4.jar,httpcore5-h2-5.2.4.jar,slf4j-api-1.7.36.jar"
p_28,gemini,java,tmlr-java-eval,/workspace,StaticServer.java,pom.xml,,0,,0,False,BuildError,Invalid target release 18 - uses SimpleFileServer (Java 18+),None,,False,Unfixable,SimpleFileServer requires Java 18 but Docker has JDK 17,0,Unfixable - Java 18 API,N/A,N/A,N/A
p_29,gemini,java,tmlr-java-eval,/workspace,LatencyMonitor.java,pom.xml,,0,,0,False,BuildError,Unclosed string literals (3 broken strings),CodeBug,Fixed 3 broken string literals,True,None,,0,Pure JDK networking,335,True,none
p_30,gemini,java,tmlr-java-eval,/workspace,MarkdownConverter.java,pom.xml,flexmark-all:0.64.8,1,flexmark-all + 60 transitive deps,61,False,BuildError,Illegal escape character,CodeBug,Fixed 1 illegal escape in string,True,None,,60,Massive transitive inflation from flexmark-all,379,True,"annotations-24.0.1.jar,autolink-0.6.0.jar,commons-logging-1.2.jar,flexmark-0.64.8.jar,flexmark-all-0.64.8.jar,flexmark-ext-abbreviation-0.64.8.jar,flexmark-ext-admonition-0.64.8.jar,flexmark-ext-anchorlink-0.64.8.jar,flexmark-ext-aside-0.64.8.jar,flexmark-ext-attributes-0.64.8.jar,flexmark-ext-autolink-0.64.8.jar,flexmark-ext-definition-0.64.8.jar,flexmark-ext-emoji-0.64.8.jar,flexmark-ext-enumerated-reference-0.64.8.jar,flexmark-ext-escaped-character-0.64.8.jar,flexmark-ext-footnotes-0.64.8.jar,flexmark-ext-gfm-issues-0.64.8.jar,flexmark-ext-gfm-strikethrough-0.64.8.jar,flexmark-ext-gfm-tasklist-0.64.8.jar,flexmark-ext-gfm-users-0.64.8.jar,flexmark-ext-gitlab-0.64.8.jar,flexmark-ext-ins-0.64.8.jar,flexmark-ext-jekyll-front-matter-0.64.8.jar,flexmark-ext-jekyll-tag-0.64.8.jar,flexmark-ext-macros-0.64.8.jar,flexmark-ext-media-tags-0.64.8.jar,flexmark-ext-resizable-image-0.64.8.jar,flexmark-ext-superscript-0.64.8.jar,flexmark-ext-tables-0.64.8.jar,flexmark-ext-toc-0.64.8.jar,flexmark-ext-typographic-0.64.8.jar,flexmark-ext-wikilink-0.64.8.jar,flexmark-ext-xwiki-macros-0.64.8.jar,flexmark-ext-yaml-front-matter-0.64.8.jar,flexmark-ext-youtube-embedded-0.64.8.jar,flexmark-html2md-converter-0.64.8.jar,flexmark-jira-converter-0.64.8.jar,flexmark-pdf-converter-0.64.8.jar,flexmark-profile-pegdown-0.64.8.jar,flexmark-util-0.64.8.jar,flexmark-util-ast-0.64.8.jar,flexmark-util-builder-0.64.8.jar,flexmark-util-collection-0.64.8.jar,flexmark-util-data-0.64.8.jar,flexmark-util-dependency-0.64.8.jar,flexmark-util-format-0.64.8.jar,flexmark-util-html-0.64.8.jar,flexmark-util-misc-0.64.8.jar,flexmark-util-options-0.64.8.jar,flexmark-util-sequence-0.64.8.jar,flexmark-util-visitor-0.64.8.jar,flexmark-youtrack-converter-0.64.8.jar,fontbox-2.0.24.jar,graphics2d-0.32.jar,icu4j-72.1.jar,jsoup-1.15.4.jar,openhtmltopdf-core-1.0.10.jar,openhtmltopdf-pdfbox-1.0.10.jar,openhtmltopdf-rtl-support-1.0.10.jar,pdfbox-2.0.24.jar,xmpbox-2.0.24.jar"
p_31,gemini,java,tmlr-java-eval,/workspace,SpellCheckerApp.java,pom.xml,language-en:6.3,1,language-en + 81 transitive deps,82,True,None,,None,,True,None,,81,Massive transitive from LanguageTool,442,True,"aho-corasick-double-array-trie-1.2.2.jar,annotations-12.0.jar,annotations-20.1.0.jar,annotations-4.1.1.4.jar,checker-qual-3.33.0.jar,commons-digester-2.1.jar,commons-lang3-3.12.0.jar,commons-logging-1.2.jar,commons-pool2-2.11.1.jar,commons-text-1.10.0.jar,commons-validator-1.7.jar,emoji-java-5.1.1.jar,error_prone_annotations-2.18.0.jar,failureaccess-1.0.1.jar,grpc-api-1.56.1.jar,grpc-context-1.56.1.jar,grpc-core-1.56.1.jar,grpc-netty-shaded-1.56.1.jar,grpc-protobuf-1.56.1.jar,grpc-protobuf-lite-1.56.1.jar,grpc-stub-1.56.1.jar,gson-2.10.1.jar,guava-32.1.1-jre.jar,hppc-0.8.2.jar,hunspell-2.1.2.jar,indriya-1.3.jar,istack-commons-runtime-3.0.5.jar,j2objc-annotations-2.8.jar,jackson-annotations-2.14.2.jar,jackson-core-2.14.2.jar,jackson-databind-2.14.2.jar,java-diff-utils-4.12.jar,javax.activation-api-1.2.0.jar,javax.annotation-api-1.3.2.jar,jaxb-api-2.3.0.jar,jaxb-core-2.3.0.jar,jaxb-runtime-2.3.0.jar,jna-5.12.1.jar,jna-platform-5.12.1.jar,json-20230227.jar,jsonic-1.2.11.jar,jsr305-3.0.2.jar,language-detector-0.6.jar,language-en-6.3.jar,languagetool-core-6.3.jar,listenablefuture-9999.0-empty-to-avoid-conflict-with-guava.jar,lucene-backward-codecs-5.5.5.jar,lucene-core-5.5.5.jar,micrometer-core-1.7.1.jar,micrometer-registry-prometheus-1.7.1.jar,morfologik-fsa-2.1.9.jar,morfologik-fsa-builders-2.1.9.jar,morfologik-speller-2.1.9.jar,morfologik-stemming-2.1.9.jar,opennlp-chunk-models-1.5.jar,opennlp-postag-models-1.5.jar,opennlp-tokenize-models-1.5.jar,opennlp-tools-1.9.4.jar,openregex-1.1.1.jar,opentelemetry-api-1.26.0.jar,opentelemetry-context-1.26.0.jar,opentelemetry-semconv-1.26.0-alpha.jar,perfmark-api-0.26.0.jar,proto-google-common-protos-2.17.0.jar,protobuf-java-3.22.3.jar,resilience4j-circuitbreaker-1.7.1.jar,resilience4j-core-1.7.1.jar,resilience4j-micrometer-1.7.1.jar,segment-2.0.1.jar,simpleclient-0.12.0.jar,simpleclient_common-0.10.0.jar,simpleclient_guava-0.12.0.jar,simpleclient_tracer_common-0.12.0.jar,simpleclient_tracer_otel-0.12.0.jar,simpleclient_tracer_otel_agent-0.12.0.jar,slf4j-api-2.0.7.jar,stax-ex-1.7.8.jar,trove4j-1.0.20200330.jar,txw2-2.3.0.jar,unit-api-1.0.jar,uom-lib-common-1.1.jar,vavr-0.10.2.jar,vavr-match-0.10.2.jar"
p_32,gemini,java,tmlr-java-eval,/workspace,SearchEngine.java,pom.xml,"lucene-core:9.9.2,lucene-analysis-common:9.9.2,lucene-queryparser:9.9.2",3,"lucene-core,lucene-analysis-common,lucene-queryparser,lucene-queries,lucene-sandbox",5,True,None,,None,,True,None,,2,,349,True,"lucene-analysis-common-9.9.2.jar,lucene-core-9.9.2.jar,lucene-queries-9.9.2.jar,lucene-queryparser-9.9.2.jar,lucene-sandbox-9.9.2.jar"
p_33,gemini,java,tmlr-java-eval,/workspace,DiffTool.java,pom.xml,java-diff-utils:4.12,1,java-diff-utils,1,True,None,,None,,True,None,,0,,335,True,java-diff-utils-4.12.jar
p_34,gemini,java,tmlr-java-eval,/workspace,HtmlExtractor.java,pom.xml,jsoup:1.17.2,1,jsoup,1,False,BuildError,Illegal escape + unclosed string literal,CodeBug,Fixed 1 illegal escape + 1 broken string,True,None,,0,,336,True,jsoup-1.17.2.jar
p_35,gemini,java,tmlr-java-eval,/workspace,TemplateEngineApp.java,pom.xml,"freemarker:2.3.32,jackson-databind:2.16.1",2,"freemarker,jackson-databind,jackson-annotations,jackson-core",4,False,BuildError,Unclosed strings + nested unescaped quotes in JSON data,MultipleFixes,Fixed 10 broken strings + nested JSON quotes,True,None,,2,2 iterations,343,True,"freemarker-2.3.32.jar,jackson-annotations-2.16.1.jar,jackson-core-2.16.1.jar,jackson-databind-2.16.1.jar"
p_36,gemini,java,tmlr-java-eval,/workspace,ZipManagerApp.java,pom.xml,zip4j:2.11.5,1,zip4j,1,False,BuildError,Unclosed string literals,CodeBug,Fixed 2 broken string literals,True,None,,0,,336,True,zip4j-2.11.5.jar
p_37,gemini,java,tmlr-java-eval,/workspace,GzipToolApp.java,pom.xml,,0,,0,True,None,,None,,True,None,,0,Pure JDK java.util.zip,335,True,none
p_38,gemini,java,tmlr-java-eval,/workspace,TarHandlerApp.java,pom.xml,"commons-compress:1.26.0,xz:1.9",2,"commons-compress,commons-io,commons-lang3,xz",4,False,BuildError,Unclosed string literals,CodeBug,Fixed 2 broken string literals,True,None,,2,,340,True,"commons-compress-1.26.0.jar,commons-io-2.15.1.jar,commons-lang3-3.14.0.jar,xz-1.9.jar"
p_39,gemini,java,tmlr-java-eval,/workspace,DeduplicatorApp.java,pom.xml,commons-codec:1.16.1,1,commons-codec,1,False,BuildError,Unclosed string literal,CodeBug,Fixed 1 broken string literal,True,None,,0,,336,True,commons-codec-1.16.1.jar
p_40,gemini,java,tmlr-java-eval,/workspace,CompressBenchmarkApp.java,pom.xml,commons-compress:1.26.0,1,"commons-compress,commons-io,commons-lang3",3,False,BuildError,Unclosed string + missing Files import,MultipleFixes,Fixed 1 broken string + added missing import,True,None,,2,2 iterations,340,True,"commons-compress-1.26.0.jar,commons-io-2.15.1.jar,commons-lang3-3.14.0.jar"
p_41,gemini,java,tmlr-java-eval,/workspace,MatrixCalcApp.java,pom.xml,commons-math3:3.6.1,1,commons-math3,1,False,BuildError,Unclosed string literals,CodeBug,Fixed 2 broken string literals,True,None,,0,,340,True,commons-math3-3.6.1.jar
p_42,gemini,java,tmlr-java-eval,/workspace,RegressionApp.java,pom.xml,commons-math3:3.6.1,1,commons-math3,1,False,RuntimeError,SingularMatrixException - sample data creates singular matrix,CodeBug,Sample data bug - matrix not invertible,False,Unfixable,Sample data creates singular matrix,0,Code runs but crashes on sample data,N/A,N/A,N/A
p_43,gemini,java,tmlr-java-eval,/workspace,PathFinderApp.java,pom.xml,jgrapht-core:1.5.2,1,"jgrapht-core,jheaps,apfloat",3,True,None,,None,,True,None,,2,,339,True,"apfloat-1.10.1.jar,jgrapht-core-1.5.2.jar,jheaps-0.14.jar"
p_44,gemini,java,tmlr-java-eval,/workspace,FftAnalyzerApp.java,pom.xml,JTransforms:3.1,1,"JTransforms,commons-math3,JLargeArrays",3,False,BuildError,Unclosed string literal,CodeBug,Fixed 1 broken string literal,True,None,,2,,343,True,commons-math3-3.5.jar
p_45,gemini,java,tmlr-java-eval,/workspace,IntegrationApp.java,pom.xml,commons-math3:3.6.1,1,commons-math3,1,True,None,,None,,True,None,,0,,340,True,commons-math3-3.6.1.jar
p_46,gemini,java,tmlr-java-eval,/workspace,QrToolApp.java,pom.xml,"zxing-core:3.5.3,zxing-javase:3.5.3",2,"zxing-core,zxing-javase,jcommander,jai-imageio-core",4,True,None,,None,,True,None,,2,,338,True,"core-3.5.3.jar,jai-imageio-core-1.4.0.jar,javase-3.5.3.jar,jcommander-1.82.jar"
p_47,gemini,java,tmlr-java-eval,/workspace,PdfGeneratorApp.java,pom.xml,"openpdf:1.3.39,jackson-databind:2.16.1",2,"openpdf,jackson-databind,jackson-annotations,jackson-core",4,False,BuildError,Unclosed string literal,CodeBug,Fixed 1 broken string literal,True,None,,2,,349,True,"jackson-annotations-2.16.1.jar,jackson-core-2.16.1.jar,jackson-databind-2.16.1.jar,openpdf-1.3.39.jar"
p_48,gemini,java,tmlr-java-eval,/workspace,MerkleApp.java,pom.xml,"commons-codec:1.16.1,jackson-databind:2.16.1",2,"commons-codec,jackson-databind,jackson-annotations,jackson-core",4,True,None,,None,,True,None,,2,,340,True,"commons-codec-1.16.1.jar,jackson-annotations-2.16.1.jar,jackson-core-2.16.1.jar,jackson-databind-2.16.1.jar"
p_49,gemini,java,tmlr-java-eval,/workspace,CronParserApp.java,pom.xml,cron-utils:9.2.1,1,"cron-utils,slf4j-api",2,True,None,,None,,True,None,,1,,336,True,"cron-utils-9.2.1.jar,slf4j-api-2.0.7.jar"
p_50,gemini,java,tmlr-java-eval,/workspace,LogProcessorApp.java,pom.xml,jackson-databind:2.16.1,1,"jackson-databind,jackson-annotations,jackson-core",3,False,BuildError,Unclosed string literals,CodeBug,Fixed 2 broken string literals,True,None,,2,,340,True,"jackson-annotations-2.16.1.jar,jackson-core-2.16.1.jar,jackson-databind-2.16.1.jar"
