prompt_id,task_title,category,complexity,dependency_relevance,description
p_01,CSV Statistical Analyzer,Data Processing,Medium,High,"Reads CSV files, computes statistics (mean/median/stddev/percentiles), detects outliers, outputs JSON report"
p_02,JSON Schema Validator,Data Processing,Medium,High,"Validates JSON against schema rules with recursive nested validation, collects all violations with JSON paths"
p_03,XML to JSON Converter,Data Processing,Medium,High,"Converts XML to JSON preserving attributes/namespaces/CDATA, supports batch mode and compact output"
p_04,YAML Config Merger,Data Processing,Medium,High,"Deep merges multiple YAML configs with array strategies, conflict detection, and env var interpolation"
p_05,Log File Pattern Analyzer,Data Processing,Medium,Medium,"Analyzes log files to detect patterns, extract statistics, identify error spikes and anomalies"
p_06,SQLite Database Manager,Data Processing,High,High,"CLI for SQLite CRUD operations, schema inspection, CSV import/export, and query execution"
p_07,Data Profiling Tool,Data Processing,High,High,"Profiles tabular datasets: column types, distributions, missing values, correlations, quality issues"
p_08,Multi-Format Data Converter,Data Processing,High,High,"Converts between CSV/JSON/XML/YAML preserving types, nested structures, with streaming mode"
p_09,Time Series Trend Detector,Data Processing,High,High,"Detects trends/seasonality/anomalies in time series data using linear regression and autocorrelation"
p_10,Duplicate Record Finder,Data Processing,Medium,High,"Finds duplicate/near-duplicate records using exact and fuzzy string matching with clustering"
p_11,AES-256 File Encryption Tool,Cryptography,High,High,"Encrypts/decrypts files with AES-256-CBC, PBKDF2 key derivation, HMAC authentication"
p_12,RSA Digital Signature Tool,Cryptography,High,High,"Generates RSA key pairs, signs files with RSA-PSS, verifies signatures with PEM/DER support"
p_13,HMAC File Integrity Checker,Cryptography,Medium,Medium,"Computes/verifies HMAC checksums for files/directories with manifest-based change detection"
p_14,TOTP Generator,Cryptography,Medium,High,"Generates/validates RFC 6238 TOTP codes with multi-account storage and otpauth:// URI generation"
p_15,Password Strength Analyzer,Cryptography,Medium,Medium,"Evaluates password strength via entropy, pattern detection, dictionary checks, crack time estimation"
p_16,X.509 Certificate Parser,Cryptography,High,High,"Parses X.509 certificates (PEM/DER), extracts all fields/extensions, validates certificate chains"
p_17,Bcrypt Password Hasher,Cryptography,Medium,High,"Hashes/verifies passwords with bcrypt, configurable work factors, benchmark, and migration support"
p_18,Image Format Converter,Image Processing,Medium,High,"Converts between PNG/JPEG/BMP/TIFF/WebP with quality settings, resize, and metadata preservation"
p_19,Image Resizer and Thumbnail Generator,Image Processing,Medium,High,"Resizes images with multiple algorithms (bilinear/bicubic/Lanczos), crop modes, batch processing"
p_20,Image Watermarking Tool,Image Processing,Medium,High,"Adds text/image watermarks with positioning, opacity, tiling, rotation, and batch processing"
p_21,Image Histogram Analyzer,Image Processing,Medium,High,"Computes per-channel color histograms, detects exposure issues, compares histograms between images"
p_22,EXIF Metadata Extractor,Image Processing,Medium,High,"Reads/modifies EXIF metadata, GPS extraction with coordinate conversion, batch processing"
p_23,Image Color Palette Extractor,Image Processing,High,High,"Extracts dominant colors via k-means/median-cut quantization, color naming, palette comparison"
p_24,HTTP File Downloader,Networking,Medium,High,"Downloads files with progress bars, resumable downloads, concurrent transfers, checksum verification"
p_25,TCP Port Scanner,Networking,Medium,Medium,"Scans TCP ports with concurrent scanning, service detection, banner grabbing, CIDR subnet support"
p_26,DNS Resolver,Networking,Medium,High,"DNS lookups for multiple record types, reverse DNS, DNS-over-HTTPS, batch resolution"
p_27,HTTP REST Client with Retry Logic,Networking,High,High,"Sends HTTP requests with retry/backoff logic, request chaining, response validation, logging"
p_28,Static HTTP File Server,Networking,High,High,"Serves static files with MIME detection, directory listing, caching, range requests, CORS, HTTPS"
p_29,Network Latency Monitor,Networking,Medium,Medium,"Monitors network latency to multiple hosts with statistics, anomaly detection, live dashboard"
p_30,Markdown to HTML Converter,Text Processing,Medium,High,"Converts Markdown to HTML with GFM extensions, syntax highlighting, TOC generation, custom CSS"
p_31,Spell Checker,Text Processing,Medium,High,"Checks spelling via dictionary lookups and Levenshtein distance, custom dictionaries, suggestions"
p_32,TF-IDF Search Engine,Text Processing,High,High,"Builds TF-IDF index over documents, supports ranked keyword search with cosine similarity"
p_33,Text Diff Tool,Text Processing,Medium,Medium,"Compares text files showing additions/deletions/modifications in unified/side-by-side/HTML formats"
p_34,HTML to Plain Text Extractor,Text Processing,Medium,High,"Converts HTML to clean plain text preserving formatting, tables, lists, links with CSS selectors"
p_35,Template Engine,Text Processing,High,High,"Processes templates with variables, conditionals, loops, includes, filters, and inheritance"
p_36,ZIP Archive Manager,Compression,Medium,High,"Creates/extracts/lists ZIP archives with compression levels, password protection, split archives"
p_37,GZIP Compression Tool,Compression,Medium,Medium,"Compresses/decompresses files with GZIP/DEFLATE, streaming, integrity verification"
p_38,Tar Archive Handler,Compression,Medium,Medium,"Creates/extracts TAR archives with gzip/bzip2/xz compression, permission preservation"
p_39,File Deduplicator,Compression,Medium,Medium,"Finds duplicate files via content hashing, supports hardlink/symlink/delete deduplication strategies"
p_40,Data Compression Benchmark,Compression,High,High,"Benchmarks DEFLATE/bzip2/LZMA/LZ4/zlib comparing ratio, speed, memory across compression levels"
p_41,Matrix Operations Calculator,Math/Scientific,High,High,"Matrix add/multiply/transpose/determinant/inverse/eigenvalue/LU decomposition from file input"
p_42,Linear Regression Fitter,Math/Scientific,High,High,"Fits OLS linear regression with metrics (R-squared/MSE/RMSE), residual analysis, prediction"
p_43,Dijkstra Shortest Path Finder,Math/Scientific,Medium,Medium,"Finds shortest paths in weighted graphs using Dijkstra with priority queue, batch queries"
p_44,FFT Spectrum Analyzer,Math/Scientific,High,High,"FFT analysis on signals: frequency spectrum, PSD, windowing functions, frequency filtering"
p_45,Numerical Integration Calculator,Math/Scientific,High,High,"Computes definite integrals via trapezoidal/Simpson/Gauss/Romberg methods with convergence comparison"
p_46,QR Code Generator and Reader,System/Generation,Medium,High,"Generates QR codes (PNG/SVG/ASCII) with error correction and decodes QR codes from images"
p_47,PDF Report Generator,System/Generation,High,High,"Generates formatted PDF reports with tables, charts, headers/footers, page numbers, TOC"
p_48,Merkle Tree Verifier,System/Generation,Medium,Medium,"Builds Merkle trees from file collections for integrity verification and efficient change detection"
p_49,Cron Expression Parser,System/Generation,Medium,Medium,"Parses/validates cron expressions, computes next execution times, generates human-readable descriptions"
p_50,Structured Log Processor,System/Generation,Medium,High,"Parses/queries/aggregates JSON Lines logs with filtering, field selection, time-based aggregation"
